{
    "$schema": "https://schema.management.azure.com/schemas/2019-04-01/deploymentTemplate.json#",
    "contentVersion": "1.0.0.0",
    "parameters": {
        "logAnalyticsWorkspaceName": {
            "type": "string",
            "metadata": {
                "description": "Enter the Log Analytics workspace name"
            }
        },
        "AzTableName": {
            "type": "string",
            "metadata": {
                "description": "Enter the custom table name"
            }
        },
        "AzMonDCE": {
            "type": "string",
            "metadata": {
                "description": "Enter the name of the Data Collection Endpoint (DCE)"
            }
        },
        "AzMonDCR": {
            "type": "string",
            "metadata": {
                "description": "Enter the name of the Data Collection rule (DCR)"
            }
        }
    },
    "variables": {
        "location": "[resourceGroup().location]",
        "logAnalyticsWorkspaceName": "[parameters('logAnalyticsWorkspaceName')]"
    },
    "resources": [
        {
            "type": "Microsoft.Insights/dataCollectionEndpoints",
            "name": "[parameters('AzMonDCE')]",
            "location": "[variables('location')]",
            "apiVersion": "2021-04-01",
            "properties": {
                "networkAcls": {
                "publicNetworkAccess": "Enabled"
                }
            }
        },
        {
            "type": "Microsoft.Insights/dataCollectionRules",
            "name": "[parameters('AzMonDCR')]",
            "location": "[variables('location')]",
            "dependsOn": [
                "[parameters('AzMonDCE')]"
            ],
            "apiVersion": "2021-09-01-preview",
            "properties": {
                "dataCollectionEndpointId": "[resourceId('Microsoft.Insights/dataCollectionEndpoints', parameters('AzMonDCE'))]",
                "streamDeclarations": {
                    "Custom-DHCPLogs": {
                        "columns": [
							{
                                "name": "TimeGenerated",
                                "type": "datetime"
                            },
                            {
                                "name": "RawData",
                                "type": "string"
                            }
                        ]
                    }
                },
                "dataSources": {
                    "logFiles": [
                        {
                            "streams": [
                                "Custom-DHCPLogs" 
                            ],
                            "filePatterns": [
                                "C:\\Windows\\System32\\dhcp\\DhcpSrvLog*.log"
                            ],
                            "format": "text",
                            "settings": {
                                "text": {
                                    "recordStartTimestampFormat": "ISO 8601"
                                }
                            },
                            "name": "DHCPLogs"
                        }
                    ]
                },
                "destinations": {
                    "logAnalytics": [
                        {
                            "workspaceResourceId": "[resourceId('Microsoft.OperationalInsights/workspaces', variables('logAnalyticsWorkspaceName'))]",
                            "name": "[variables('logAnalyticsWorkspaceName')]"
                        }
                    ]
                },
                "dataFlows": [
                    {
                        "streams": [
                            "Custom-DHCPLogs"
                        ],
                        "destinations": [
                            "[variables('logAnalyticsWorkspaceName')]"
                        ],
                        "transformKql": "source | where RawData matches regex @'^*([0-9]+),([0-9]+)/([0-9]+)/([0-9]+|-1),([0-9]+):([0-9]+):([0-9]+|-1)*' | extend splitRawData = split(RawData,',') | extend EventID = toint(splitRawData[0]) | extend TimeGenerated_2 = todatetime(strcat(tostring(splitRawData[1]),' ',tostring(splitRawData[2]))) | extend localTimeDiff = datetime_diff('hour',TimeGenerated_2, TimeGenerated) | extend TimeGenerated = TimeGenerated_2-(localTimeDiff*1h) | extend Description = tostring(splitRawData[3]) | extend IPAddress = tostring(splitRawData[4]) | extend HostName = tostring(splitRawData[5]) | extend MACAddress = tostring(splitRawData[6]) | extend UserName = tostring(splitRawData[7]) | project TimeGenerated, RawData, EventID, Description, IPAddress, HostName, MACAddress, UserName", 
                        "outputStream": "[concat('Custom-',parameters('AzTableName'))]"
                    }
                ]
            }
        }
    ],
    "functions": [
    ],
    "outputs": {
        "resourceGroupName": {
            "type": "string",
            "value": "[resourceGroup().name]",
            "metadata": {
                "description": "The Resource Group log analytics was deployed to."
            }
        },
        "resourceGroupLocation": {
            "type": "string",
            "value": "[resourceGroup().location]",
            "metadata": {
                "description": "The Resource Group log analytics was deployed to."
            }
        },
        "resourceGroupId": {
            "type": "string",
            "value": "[resourceGroup().id]",
            "metadata": {
                "description": "The Resource Group log analytics was deployed to."
            }
        },
        "logAnalyticsWorkspaceResourceId": {
            "type": "string",
            "value": "[resourceId('Microsoft.OperationalInsights/workspaces/', variables('logAnalyticsWorkspaceName'))]",
            "metadata": {
                "description": "The Resource Id of the Log Analytics workspace deployed."
            }
        },
        "logAnalyticsWorkspaceName": {
            "type": "string",
            "value": "[variables('logAnalyticsWorkspaceName')]",
            "metadata": {
                "description": "The Name of the Log Analytics workspace deployed."
            }
        },
        "AzMonDCE": {
            "type": "string",
            "value": "[reference(resourceId('Microsoft.Insights/dataCollectionEndpoints', parameters('AzMonDCE')), '2021-04-01').logsIngestion.endpoint]"
        },
        "AzMonDcrResourceId": {
            "type": "string",
            "value": "[resourceId('Microsoft.Insights/dataCollectionRules', parameters('AzMonDCR'))]"
        },
        "AzMonDcrImmutableId":
        {
            "type": "string",
            "value": "[reference(resourceId('Microsoft.Insights/dataCollectionRules', parameters('AzMonDCR')), '2021-04-01').immutableId]"
        }
    }
}