{
    "properties": {
        "schema": {
            "columns": [
                {
                    "description": "TimeGenerated",
                    "name": "TimeGenerated",
                    "type": "datetime"
                },
                {
                    "description": "RawData",
                    "name": "RawData",
                    "type": "string"
                },
                {
                    "description": "EventID",
                    "name": "EventID",
                    "type": "int"
                },
                {
                    "description": "Description",
                    "name": "Description",
                    "type": "string"
                },
                {
                    "description": "IPAddress",
                    "name": "IPAddress",
                    "type": "string"
                },
                {
                    "description": "HostName",
                    "name": "HostName",
                    "type": "string"
                },
                {
                    "description": "MACAddress",
                    "name": "MACAddress",
                    "type": "string"
                },
                {
                    "description": "UserName",
                    "name": "UserName",
                    "type": "string"
                }
            ],
            "name": "_tableName_"
        }
    }
}